method,fold1.test,fold2.test
constant.0,73.40,55.58
BIC.1,72.87234042553192,53.65384615384615
linear.2,79.52127659574468,74.42307692307692
linear.6,79.25531914893617,76.34615384615384
mlp.1.8,80.31914893617021,79.03846153846153
mlp.2.16,80.05319148936171,76.15384615384616
