method,fold1.test,fold2.test
BIC.1,72.87234042553192,53.65384615384615
linear.2,78.98936170212765,74.23076923076923
linear.6,80.31914893617021,78.07692307692308
mlp,80.18617021276596,80.0
