method,fold1.test,fold2.test
BIC.1,72.87234042553192,53.65384615384615
linear.1,79.52127659574468,74.42307692307692
linear.4,79.65531914893617,76.34615384615384
mlp.1,80.31914893617021,79.03846153846153
mlp.4,80.65319148936171,79.35384615384616