method,fold1.test,fold2.test
BIC,72.87234042553192,53.65384615384615
linear,43.08510638297872,75.0
