method,fold1.test,fold2.test
BIC.1,72.87234042553192,53.65384615384615
linear.1,77.52659574468085,74.42307692307692
linear.4,78.59042553191489,80.1923076923077
mlp.4.1.8,79.12234042553192,80.76923076923077
mlp.4.2.16,78.72340425531915,82.5
mlp.4.3.32,69.14893617021276,85.0
mlp.4.4.64,60.37234042553192,20.0
