method,fold1.test,fold2.test
BIC.1,72.87234042553192,53.65384615384615
linear.2,78.8563829787234,73.26923076923077
linear.6,79.7872340425532,75.1923076923077
mlp,79.38829787234043,79.23076923076923
